BranchName,TotalRevenue
Koramangala,688187.9499999986
Whitefield,655244.7900000004
Jayanagar,630816.2800000006
Indiranagar,671467.0299999997
Yelahanka,667957.6199999998
