Category,TotalRevenue
Snacks,467460.58000000066
Beverages,595373.7300000008
Personal Care,798902.2199999975
Groceries,949412.2400000007
Dairy,502524.89999999997
