{
  "shap_values": {
    "CurrentStock": -0.05590507467311718,
    "AvgDailySales": 0.035981320568483445,
    "StockPercentage": 0.030584229989540353
  },
  "base_value": 0.7906403038059399,
  "feature_importance": {},
  "explanation_text": "All features have minimal impact"
}