{
  "shap_values": {
    "CurrentStock": -1.0016882140257621,
    "AvgDailySales": -0.6163491491317211,
    "StockPercentage": -3.391375180593367
  },
  "base_value": 9.976770165901813,
  "feature_importance": {
    "CurrentStock": 0.3204091564930588,
    "AvgDailySales": 0.08670619830049113,
    "StockPercentage": 0.5928846452064501
  },
  "explanation_text": "CurrentStock decreases depletion time by 1.0 days; AvgDailySales decreases depletion time by 0.6 days; StockPercentage decreases depletion time by 3.4 days"
}